id;starttime;endtime;description;type;subtype;street;polyline;direction
20241025T132736_1042_922;2024-10-25T13:27:36+01:00;2024-12-20T18:00:00+01:00;STV - Bd_Victor Aménagement de la voirie;CONSTRUCTION;;Bd_Victor;48.8327670935763010 2.2884215697166312 48.8335176535915565 2.2865546080570525;ONE_DIRECTION
20240916T080006_4333_1126;2024-09-16T08:00:06+01:00;2025-02-28T16:00:00+01:00;Av_des_Ternes - Aménagement de voirie piste cyclables;CONSTRUCTION;;Av_des_Ternes;48.8782261612879907 2.2956320982000560 48.8777475928357248 2.2977011398219096;ONE_DIRECTION
20210915T124542_1905_959;2021-09-15T12:45:42+01:00;2030-09-15T17:00:00+01:00;"de Guy Moquet jusqu'à la place Clichy interdit au véhicules,sauf (le bus,taxi,vélo); date de fin indefini";ROAD_CLOSED;ROAD_CLOSED_EVENT;Av_de_Clichy;48.8866005595843021 2.3258829056671320 48.8857844212798653 2.3262525739455784;ONE_DIRECTION
20240329T161009_1454_1069;2024-03-29T16:10:09+01:00;2050-03-29T09:00:00+01:00;Belgrand;ROAD_CLOSED;ROAD_CLOSED_EVENT;Belgrand;48.8646466309063783 2.4041489084446028 48.8645043011397675 2.4080744444103361 48.8644721789945180 2.4085078347665672;ONE_DIRECTION
20241003T082352_26_2547;2024-10-03T08:23:52+01:00;2030-01-03T16:21:00+01:00;Concorde_Est Interdiction vehicules à moteur sauf bus, taxi, sécours;ROAD_CLOSED;ROAD_CLOSED_EVENT;Rivoli;48.8580826343978813 2.3495301566806641 48.8585227178299064 2.3482103524655238;ONE_DIRECTION
20241003T082352_29_2505;2024-10-03T08:23:52+01:00;2030-01-03T16:21:00+01:00;Concorde_Est Interdiction vehicules à moteur sauf bus, taxi, sécours;ROAD_CLOSED;ROAD_CLOSED_EVENT;Rivoli;48.8593667042748976 2.3456528431755985 48.8596349548353999 2.3448214172967252;ONE_DIRECTION
20241003T082352_33_2055;2024-10-03T08:23:52+01:00;2030-01-03T16:21:00+01:00;Concorde_Est Interdiction vehicules à moteur sauf bus, taxi, sécours;ROAD_CLOSED;ROAD_CLOSED_EVENT;Rivoli;48.8609491564223077 2.3407406813978486 48.8614986341360549 2.3390796944274990;ONE_DIRECTION
20240916T080006_5241_369;2024-09-16T08:00:06+01:00;2025-02-28T16:00:00+01:00;Av_des_Ternes - Aménagement de voirie piste cyclables;CONSTRUCTION;;Av_Pte_Ternes;48.8814839228951428 2.2817067108912772 48.8809531662755887 2.2840197752247553;ONE_DIRECTION
20241003T082352_23_1061;2024-10-03T08:23:52+01:00;2030-01-03T16:21:00+01:00;Concorde_Est Interdiction vehicules à moteur sauf bus, taxi, sécours;ROAD_CLOSED;ROAD_CLOSED_EVENT;Rue de Rivoli;48.8569525611540811 2.3537289556893217 48.8572903442405249 2.3523857637496040;ONE_DIRECTION
20241003T082352_25_1062;2024-10-03T08:23:52+01:00;2030-01-03T16:21:00+01:00;Concorde_Est Interdiction vehicules à moteur sauf bus, taxi, sécours;ROAD_CLOSED;ROAD_CLOSED_EVENT;Rivoli;48.8575349514073665 2.3514130212603082 48.8580826343978813 2.3495301566806641;ONE_DIRECTION
20241003T082352_282_569;2024-10-03T08:23:52+01:00;2030-01-03T16:21:00+01:00;Concorde_Est Interdiction vehicules à moteur sauf bus, taxi, sécours;ROAD_CLOSED;ROAD_CLOSED_EVENT;Rivoli;48.8637319223259254 2.3320446920555993 48.8643927447054551 2.3300736682310164;ONE_DIRECTION
20210915T124542_1908_1445;2021-09-15T12:45:42+01:00;2030-09-15T17:00:00+01:00;"de Guy Moquet jusqu'à la place Clichy interdit au véhicules,sauf (le bus,taxi,vélo); date de fin indefini";ROAD_CLOSED;ROAD_CLOSED_EVENT;Av_de_Clichy;48.8849283189359483 2.3266309294573326 48.8836726113451192 2.3272038741403231;ONE_DIRECTION
20240916T080006_4305_1244;2024-09-16T08:00:06+01:00;2025-02-28T16:00:00+01:00;Av_des_Ternes - Aménagement de voirie piste cyclables;CONSTRUCTION;;Av_des_Ternes;48.8794331002341451 2.2910764218652124 48.8800492595858245 2.2884607006386255;ONE_DIRECTION
20240916T080006_4308_1779;2024-09-16T08:00:06+01:00;2025-02-28T16:00:00+01:00;Av_des_Ternes - Aménagement de voirie piste cyclables;CONSTRUCTION;;Av_des_Ternes;48.8799484981832393 2.2882792250291182 48.8792975300939005 2.2910226214597853;ONE_DIRECTION
20240916T080006_5238_2135;2024-09-16T08:00:06+01:00;2025-02-28T16:00:00+01:00;Av_des_Ternes - Aménagement de voirie piste cyclables;CONSTRUCTION;;Av_Pte_Ternes;48.8807638655990218 2.2853836742721305 48.8808019840746368 2.2852021503195004;ONE_DIRECTION
20241003T082352_24_3631;2024-10-03T08:23:52+01:00;2030-01-03T16:21:00+01:00;Concorde_Est Interdiction vehicules à moteur sauf bus, taxi, sécours;ROAD_CLOSED;ROAD_CLOSED_EVENT;Rue de Rivoli;48.8572903442405249 2.3523857637496040 48.8575349514073665 2.3514130212603082;ONE_DIRECTION
20241003T082352_281_232;2024-10-03T08:23:52+01:00;2030-01-03T16:21:00+01:00;Concorde_Est Interdiction vehicules à moteur sauf bus, taxi, sécours;ROAD_CLOSED;ROAD_CLOSED_EVENT;Rivoli;48.8643927447054551 2.3300736682310164 48.8653312350356686 2.3272589906352534;ONE_DIRECTION
20210915T124542_4047_1655;2021-09-15T12:45:42+01:00;2030-09-15T17:00:00+01:00;"de Guy Moquet jusqu'à la place Clichy interdit au véhicules,sauf (le bus,taxi,vélo); date de fin indefini";ROAD_CLOSED;ROAD_CLOSED_EVENT;Av_de_Clichy;48.8874488274530350 2.3255033452243690 48.8866005595843021 2.3258829056671320;ONE_DIRECTION
20241003T082352_233_2363;2024-10-03T08:23:52+01:00;2030-01-03T16:21:00+01:00;Concorde_Est Interdiction vehicules à moteur sauf bus, taxi, sécours;ROAD_CLOSED;ROAD_CLOSED_EVENT;Concorde_Est;48.8653529177397274 2.3215726526650053 48.8654782321331567 2.3218581856339147 48.8659898817757892 2.3222062930148191 48.8660113523959225 2.3227501958170338 48.8661975689311134 2.3232395171558040 48.8664313043376310 2.3234709497407819;ONE_DIRECTION
20241003T082352_279_1892;2024-10-03T08:23:52+01:00;2030-01-03T16:21:00+01:00;Concorde_Est Interdiction vehicules à moteur sauf bus, taxi, sécours;ROAD_CLOSED;ROAD_CLOSED_EVENT;Rivoli;48.8660550420156312 2.3250170913911492 48.8664143349377085 2.3238786009845360 48.8664313043376310 2.3234709497407819;ONE_DIRECTION
20241105T184835_5506_200;2024-11-05T18:48:35+01:00;2024-12-06T06:00:00+01:00;Bretelle_9_accès_Pte_Chapelle Fermeture Travaux;ROAD_CLOSED;ROAD_CLOSED_CONSTRUCTION;Chapelle_bretelle_1;48.9021574895747833 2.3586170263200730 48.9014891036598485 2.3587366406655947 48.9011547072665564 2.3587593252963788 48.9006248140014748 2.3588400995363927;ONE_DIRECTION
20241025T132736_1044_443;2024-10-25T13:27:36+01:00;2024-12-20T18:00:00+01:00;STV - Bd_Victor Aménagement de la voirie;CONSTRUCTION;;Bd_Lefebvre;48.8320447556110224 2.2900524562209128 48.8327670935763010 2.2884215697166312;ONE_DIRECTION
20241105T184835_1795_49;2024-11-05T18:48:35+01:00;2024-12-06T06:00:00+01:00;Bretelle_9_accès_Pte_Chapelle Fermeture Travaux;ROAD_CLOSED;ROAD_CLOSED_CONSTRUCTION;Bretelle_9_acces_Pte_Chapelle;48.9005425010515467 2.3579439028426821 48.9002390521119281 2.3584117166686194 48.8999225673824967 2.3587311798596473 48.8996134432419041 2.3589020573554960 48.8989694670443527 2.3590089897906226;ONE_DIRECTION
20240617T083355_4821_3160;2024-06-17T08:33:55+01:00;2025-12-31T18:00:00+01:00;Maitre d'ouvrage S.A.G.P.  Aménagement de voirie, travaux en multi phases;CONSTRUCTION;;Av_Daumesnil;48.8398057767013327 2.3950967602499755 48.8403271480399113 2.3927878799449553;ONE_DIRECTION
20241003T082352_280_2134;2024-10-03T08:23:52+01:00;2030-01-03T16:21:00+01:00;Concorde_Est Interdiction vehicules à moteur sauf bus, taxi, sécours;ROAD_CLOSED;ROAD_CLOSED_EVENT;Rivoli;48.8653312350356686 2.3272589906352534 48.8660550420156312 2.3250170913911492;ONE_DIRECTION
20240329T161009_1420_56;2024-03-29T16:10:09+01:00;2050-03-29T09:00:00+01:00;Belgrand;ROAD_CLOSED;ROAD_CLOSED_EVENT;Belgrand;48.8647610210920789 2.4013849285854998 48.8646466309063783 2.4041489084446028;ONE_DIRECTION
20201110T102206_1350_109;2020-11-10T10:22:06+01:00;2050-06-14T17:00:00+01:00;Interdiction de circuler aux véhicules à moteur (sauf bus, taxis et livraisons);ROAD_CLOSED;ROAD_CLOSED_EVENT;Av_Gambetta;48.8665126433280861 2.3998165913775256 48.8651375726578152 2.3986075359140870;ONE_DIRECTION
20240617T083355_4880_2210;2024-06-17T08:33:55+01:00;2025-12-31T18:00:00+01:00;Maitre d'ouvrage S.A.G.P.  Aménagement de voirie, travaux en multi phases;CONSTRUCTION;;Pl_Felix_Eboue;48.8394519400436096 2.3951712523075654 48.8393378753361560 2.3957534258193478;ONE_DIRECTION
20240826T174434_4798_3315;2024-08-26T17:44:34+01:00;2025-08-29T18:00:00+01:00;Fayolle - Place Félix Eboué. Aménagement de voirie.;CONSTRUCTION;;Av_Daumesnil;48.8385034488160272 2.3986519740289434 48.8391442883040696 2.3969012065446527 48.8393597685796124 2.3962847822825699;ONE_DIRECTION
20240826T174434_5713_2556;2024-08-26T17:44:34+01:00;2025-08-29T18:00:00+01:00;Fayolle - Place Félix Eboué. Aménagement de voirie.;CONSTRUCTION;;Av_Daumesnil;48.8392666208446116 2.3961171190403960 48.8390508980545519 2.3968029906156159 48.8383989829818361 2.3985490200456163;ONE_DIRECTION
20241003T082352_370_1743;2024-10-03T08:23:52+01:00;2030-01-03T16:21:00+01:00;Concorde_Est Interdiction vehicules à moteur sauf bus, taxi, sécours;ROAD_CLOSED;ROAD_CLOSED_EVENT;Rivoli;48.8559785960858264 2.3579583705948619 48.8562970658354629 2.3565654101056279;ONE_DIRECTION
20240916T080006_4303_3476;2024-09-16T08:00:06+01:00;2025-02-28T16:00:00+01:00;Av_des_Ternes - Aménagement de voirie piste cyclables;CONSTRUCTION;;Av_des_Ternes;48.8806373243139660 2.2853166458288872 48.8800664011491932 2.2877710667322941;ONE_DIRECTION
20201110T102206_1415_2540;2020-11-10T10:22:06+01:00;2050-06-14T17:00:00+01:00;Interdiction de circuler aux véhicules à moteur (sauf bus, taxis et livraisons);ROAD_CLOSED;ROAD_CLOSED_EVENT;Av_Gambetta;48.8716962519072524 2.4043252103199260 48.8697469152808850 2.4025674826905021;ONE_DIRECTION
20240826T174434_4772_3505;2024-08-26T17:44:34+01:00;2025-08-29T18:00:00+01:00;Fayolle - Place Félix Eboué. Aménagement de voirie.;CONSTRUCTION;;Bd_de_Reuilly;48.8395093069471642 2.3964383727273417 48.8395311945953878 2.3977368476558096;ONE_DIRECTION
20240916T080006_4307_1368;2024-09-16T08:00:06+01:00;2025-02-28T16:00:00+01:00;Av_des_Ternes - Aménagement de voirie piste cyclables;CONSTRUCTION;;Av_des_Ternes;48.8787321381368187 2.2941799386279116 48.8794331002341451 2.2910764218652124;ONE_DIRECTION
20240916T080006_4309_2698;2024-09-16T08:00:06+01:00;2025-02-28T16:00:00+01:00;Av_des_Ternes - Aménagement de voirie piste cyclables;CONSTRUCTION;;Av_des_Ternes;48.8792975300939005 2.2910226214597853 48.8785630532941227 2.2941829664578797;ONE_DIRECTION
20240916T080006_5241_1030;2024-09-16T08:00:06+01:00;2025-02-28T16:00:00+01:00;Av_des_Ternes - Aménagement de voirie piste cyclables;CONSTRUCTION;;Av_Pte_Ternes;48.8806792311413076 2.2851445334502247 48.8806373243139660 2.2853166458288872;ONE_DIRECTION
20240928T180420_6923_781;2024-09-28T18:04:20+01:00;2025-03-31T17:00:00+01:00;Trocadéro_Doumer_Wilson Piétonisation;ROAD_CLOSED;ROAD_CLOSED_EVENT;AI_Auteuil_bretelle_7;48.8485147121886811 2.2534266063384658 48.8492112445735529 2.2526615667493664;ONE_DIRECTION
20241003T082352_34_290;2024-10-03T08:23:52+01:00;2030-01-03T16:21:00+01:00;Concorde_Est Interdiction vehicules à moteur sauf bus, taxi, sécours;ROAD_CLOSED;ROAD_CLOSED_EVENT;Rivoli;48.8614986341360549 2.3390796944274990 48.8621582136371160 2.3369915823366560;ONE_DIRECTION
20241003T082352_371_3685;2024-10-03T08:23:52+01:00;2030-01-03T16:21:00+01:00;Concorde_Est Interdiction vehicules à moteur sauf bus, taxi, sécours;ROAD_CLOSED;ROAD_CLOSED_EVENT;Rivoli;48.8554972796506775 2.3600634149766173 48.8559785960858264 2.3579583705948619;ONE_DIRECTION
20241003T082352_373_1359;2024-10-03T08:23:52+01:00;2030-01-03T16:21:00+01:00;Concorde_Est Interdiction vehicules à moteur sauf bus, taxi, sécours;ROAD_CLOSED;ROAD_CLOSED_EVENT;St_Antoine;48.8546092004605015 2.3629157723686092 48.8551065589373579 2.3616887455298552;ONE_DIRECTION
20241003T082352_515_3427;2024-10-03T08:23:52+01:00;2030-01-03T16:21:00+01:00;Concorde_Est Interdiction vehicules à moteur sauf bus, taxi, sécours;ROAD_CLOSED;ROAD_CLOSED_EVENT;St_Antoine;48.8543173510283566 2.3637201767521603 48.8546092004605015 2.3629157723686092;ONE_DIRECTION
20241003T082352_4189_1478;2024-10-03T08:23:52+01:00;2030-01-03T16:21:00+01:00;Concorde_Est Interdiction vehicules à moteur sauf bus, taxi, sécours;ROAD_CLOSED;ROAD_CLOSED_EVENT;Rivoli;48.8631970496358079 2.3337122499579190 48.8637319223259254 2.3320446920555993;ONE_DIRECTION
20240617T083355_4878_522;2024-06-17T08:33:55+01:00;2025-12-31T18:00:00+01:00;Maitre d'ouvrage S.A.G.P.  Aménagement de voirie, travaux en multi phases;CONSTRUCTION;;Pl_Felix_Eboue;48.8396571812658564 2.3964386495761274 48.8397524244466581 2.3963122798262861 48.8399246740862552 2.3954315882157875;ONE_DIRECTION
20240916T080006_4331_2795;2024-09-16T08:00:06+01:00;2025-02-28T16:00:00+01:00;Av_des_Ternes - Aménagement de voirie piste cyclables;CONSTRUCTION;;Av_des_Ternes;48.8785345697355638 2.2942986512089436 48.8782261612879907 2.2956320982000560;ONE_DIRECTION
20241003T082352_31_1599;2024-10-03T08:23:52+01:00;2030-01-03T16:21:00+01:00;Concorde_Est Interdiction vehicules à moteur sauf bus, taxi, sécours;ROAD_CLOSED;ROAD_CLOSED_EVENT;Rivoli;48.8599242487681593 2.3439087680977191 48.8600921719548964 2.3433932841591374;ONE_DIRECTION
20241003T082352_374_1060;2024-10-03T08:23:52+01:00;2030-01-03T16:21:00+01:00;Concorde_Est Interdiction vehicules à moteur sauf bus, taxi, sécours;ROAD_CLOSED;ROAD_CLOSED_EVENT;St_Antoine;48.8539396055919610 2.3647612444729278 48.8543173510283566 2.3637201767521603;ONE_DIRECTION
20240617T083355_4869_2773;2024-06-17T08:33:55+01:00;2025-12-31T18:00:00+01:00;Maitre d'ouvrage S.A.G.P.  Aménagement de voirie, travaux en multi phases;CONSTRUCTION;;Bd_de_Reuilly;48.8394672962685803 2.3942762534479076 48.8393058523850883 2.3921593881509695;ONE_DIRECTION
20240422T155813_192_120;2024-04-22T15:58:13+01:00;2025-05-15T18:00:00+01:00;Travaux:Maitre d'ouvrage:SAS 40 rue des STs Pères/Objet:Réhabilitation de Batiment;CONSTRUCTION;;Sts_Peres;48.8563006745693329 2.3316506003130226 48.8544501607147055 2.3304226829815158;ONE_DIRECTION
20210117T082836_6088_3370;2021-01-17T08:28:36+01:00;2030-12-27T17:00:00+01:00;AE_A6A_bretelle_8;ROAD_CLOSED;ROAD_CLOSED_CONSTRUCTION;AE_A6A_bretelle_8;48.8153000957952585 2.3367824808364861 48.8162481478654655 2.3371978486170617 48.8165029925392133 2.3374582022794543 48.8167048488371691 2.3378199568949225 48.8167241076344780 2.3380966256338662 48.8164816798007664 2.3418359646445879;ONE_DIRECTION
20240617T083355_4869_807;2024-06-17T08:33:55+01:00;2025-12-31T18:00:00+01:00;Maitre d'ouvrage S.A.G.P.  Aménagement de voirie, travaux en multi phases;CONSTRUCTION;;Bd_de_Reuilly;48.8395474596011567 2.3950642247246505 48.8394672962685803 2.3942762534479076;ONE_DIRECTION
20240826T174434_4770_774;2024-08-26T17:44:34+01:00;2025-08-29T18:00:00+01:00;Fayolle - Place Félix Eboué. Aménagement de voirie.;CONSTRUCTION;;Bd_de_Reuilly;48.8396813090056767 2.3977211885072740 48.8396571812658564 2.3964386495761274;ONE_DIRECTION
20240916T080006_5238_3336;2024-09-16T08:00:06+01:00;2025-02-28T16:00:00+01:00;Av_des_Ternes - Aménagement de voirie piste cyclables;CONSTRUCTION;;Av_Pte_Ternes;48.8808019840746368 2.2852021503195004 48.8809896691538555 2.2843083522585395;ONE_DIRECTION
20240916T080006_5241_1018;2024-09-16T08:00:06+01:00;2025-02-28T16:00:00+01:00;Av_des_Ternes - Aménagement de voirie piste cyclables;CONSTRUCTION;;Av_Pte_Ternes;48.8809114348143012 2.2841908643425972 48.8806792311413076 2.2851445334502247;ONE_DIRECTION
20241003T082352_372_2179;2024-10-03T08:23:52+01:00;2030-01-03T16:21:00+01:00;Concorde_Est Interdiction vehicules à moteur sauf bus, taxi, sécours;ROAD_CLOSED;ROAD_CLOSED_EVENT;St_Antoine;48.8551065589373579 2.3616887455298552 48.8554972796506775 2.3600634149766173;ONE_DIRECTION
20241003T082352_375_235;2024-10-03T08:23:52+01:00;2030-01-03T16:21:00+01:00;Concorde_Est Interdiction vehicules à moteur sauf bus, taxi, sécours;ROAD_CLOSED;ROAD_CLOSED_EVENT;St_Antoine;48.8533832221277962 2.3676529252188785 48.8535182436284714 2.3665293761035024 48.8539396055919610 2.3647612444729278;ONE_DIRECTION
20240916T084539_422_2932;2024-09-16T08:45:39+01:00;2025-01-30T18:00:00+01:00;CPCU - Quai Saint-Bernard. Création ou dévoiement de réseau.;CONSTRUCTION;;Bd_St_Germain;48.8493706984654636 2.3559196584861413 48.8493599352189136 2.3564481808338473;ONE_DIRECTION
20240329T161009_1418_2811;2024-03-29T16:10:09+01:00;2050-03-29T09:00:00+01:00;Belgrand;ROAD_CLOSED;ROAD_CLOSED_EVENT;Belgrand;48.8648661170734044 2.3988440802984492 48.8647610210920789 2.4013849285854998;ONE_DIRECTION
20210915T124542_1918_912;2021-09-15T12:45:42+01:00;2030-09-15T17:00:00+01:00;"de Guy Moquet jusqu'à la place Clichy interdit au véhicules,sauf (le bus,taxi,vélo); date de fin indefini";ROAD_CLOSED;ROAD_CLOSED_EVENT;Av_de_Clichy;48.8857844212798653 2.3262525739455784 48.8849283189359483 2.3266309294573326;ONE_DIRECTION
20210915T124732_1903_3088;2021-09-15T12:47:32+01:00;2030-09-15T17:00:00+01:00;interdit au véhicules,sauf (le bus,taxi,vélo) date de fin indefini;ROAD_CLOSED;ROAD_CLOSED_EVENT;Av_de_St_Ouen;48.8975411909957671 2.3288634774530479 48.8955469463484036 2.3282217615104108;ONE_DIRECTION
20240916T080006_5238_1294;2024-09-16T08:00:06+01:00;2025-02-28T16:00:00+01:00;Av_des_Ternes - Aménagement de voirie piste cyclables;CONSTRUCTION;;Av_Pte_Ternes;48.8810269823107930 2.2841157518687116 48.8815694521481063 2.2817670429748493;ONE_DIRECTION
20241003T082352_21_1784;2024-10-03T08:23:52+01:00;2030-01-03T16:21:00+01:00;Concorde_Est Interdiction vehicules à moteur sauf bus, taxi, sécours;ROAD_CLOSED;ROAD_CLOSED_EVENT;Rivoli;48.8562970658354629 2.3565654101056279 48.8565347605150322 2.3555369116067708;ONE_DIRECTION
20241003T082352_35_1063;2024-10-03T08:23:52+01:00;2030-01-03T16:21:00+01:00;Concorde_Est Interdiction vehicules à moteur sauf bus, taxi, sécours;ROAD_CLOSED;ROAD_CLOSED_EVENT;Rivoli;48.8621582136371160 2.3369915823366560 48.8626781571862310 2.3353335923384280;ONE_DIRECTION
20240916T084539_6166_972;2024-09-16T08:45:39+01:00;2025-01-30T18:00:00+01:00;CPCU - Quai Saint-Bernard. Création ou dévoiement de réseau.;CONSTRUCTION;;Quai_St_Bernard;48.8479506961460430 2.3593958749422406 48.8492315405338289 2.3574935691353400 48.8493619135379475 2.3570252364547342 48.8494325459590755 2.3566566014661383;ONE_DIRECTION
20241003T082352_27_568;2024-10-03T08:23:52+01:00;2030-01-03T16:21:00+01:00;Concorde_Est Interdiction vehicules à moteur sauf bus, taxi, sécours;ROAD_CLOSED;ROAD_CLOSED_EVENT;Rivoli;48.8585227178299064 2.3482103524655238 48.8587993480476968 2.3474346083817021;ONE_DIRECTION
20240617T083355_4836_3629;2024-06-17T08:33:55+01:00;2025-12-31T18:00:00+01:00;Maitre d'ouvrage S.A.G.P.  Aménagement de voirie, travaux en multi phases;CONSTRUCTION;;Av_Daumesnil;48.8402179827036775 2.3927256866092756 48.8396978065303102 2.3950305840152049;ONE_DIRECTION
20201110T102206_1413_281;2020-11-10T10:22:06+01:00;2050-06-14T17:00:00+01:00;Interdiction de circuler aux véhicules à moteur (sauf bus, taxis et livraisons);ROAD_CLOSED;ROAD_CLOSED_EVENT;Av_Gambetta;48.8697469152808850 2.4025674826905021 48.8683707172224899 2.4013944321609242;ONE_DIRECTION
20201110T102206_1413_3649;2020-11-10T10:22:06+01:00;2050-06-14T17:00:00+01:00;Interdiction de circuler aux véhicules à moteur (sauf bus, taxis et livraisons);ROAD_CLOSED;ROAD_CLOSED_EVENT;Av_Gambetta;48.8683707172224899 2.4013944321609242 48.8683112793836543 2.4013475520610199;ONE_DIRECTION
20241003T082352_31_2520;2024-10-03T08:23:52+01:00;2030-01-03T16:21:00+01:00;Concorde_Est Interdiction vehicules à moteur sauf bus, taxi, sécours;ROAD_CLOSED;ROAD_CLOSED_EVENT;Rivoli;48.8600921719548964 2.3433932841591374 48.8604448421113489 2.3423106121012647;ONE_DIRECTION
20241122T175556_34_290;2024-11-22T17:55:56+01:00;2024-12-02T18:00:00+01:00;Rivoli/Marengo : emprise en file de droite;CONSTRUCTION;;Rivoli;48.8614986341360549 2.3390796944274990 48.8621582136371160 2.3369915823366560;ONE_DIRECTION
20241105T184835_1796_2347;2024-11-05T18:48:35+01:00;2024-12-06T06:00:00+01:00;Bretelle_9_accès_Pte_Chapelle Fermeture Travaux;ROAD_CLOSED;ROAD_CLOSED_CONSTRUCTION;Chapelle_bretelle_7;48.9006248140014748 2.3588400995363927 48.9002742042019491 2.3588815478478020 48.8999362636615515 2.3590032784841068 48.8996673995826470 2.3590746418609396 48.8993493240720198 2.3590971225902484 48.8989694670443527 2.3590089897906226;ONE_DIRECTION
20210915T124732_1899_655;2021-09-15T12:47:32+01:00;2030-09-15T17:00:00+01:00;interdit au véhicules,sauf (le bus,taxi,vélo) date de fin indefini;ROAD_CLOSED;ROAD_CLOSED_EVENT;Av_de_St_Ouen;48.8940431642816122 2.3277028547496852 48.8930204235421755 2.3273499661421608;ONE_DIRECTION
20240916T080006_4301_2188;2024-09-16T08:00:06+01:00;2025-02-28T16:00:00+01:00;Av_des_Ternes - Aménagement de voirie piste cyclables;CONSTRUCTION;;Av_des_Ternes;48.8801739392304313 2.2879804156937067 48.8807638655990218 2.2853836742721305;ONE_DIRECTION
20201110T102206_1352_1223;2020-11-10T10:22:06+01:00;2050-06-14T17:00:00+01:00;Interdiction de circuler aux véhicules à moteur (sauf bus, taxis et livraisons);ROAD_CLOSED;ROAD_CLOSED_EVENT;Av_Gambetta;48.8683112793836543 2.4013475520610199 48.8665126433280861 2.3998165913775256;ONE_DIRECTION
20210915T124732_1901_117;2021-09-15T12:47:32+01:00;2030-09-15T17:00:00+01:00;interdit au véhicules,sauf (le bus,taxi,vélo) date de fin indefini;ROAD_CLOSED;ROAD_CLOSED_EVENT;Av_de_St_Ouen;48.8955469463484036 2.3282217615104108 48.8940431642816122 2.3277028547496852;ONE_DIRECTION
20240916T080006_4334_2262;2024-09-16T08:00:06+01:00;2025-02-28T16:00:00+01:00;Av_des_Ternes - Aménagement de voirie piste cyclables;CONSTRUCTION;;Av_des_Ternes;48.8778840826872596 2.2977527756121812 48.8783727885170975 2.2957052990285067;ONE_DIRECTION
20240916T080006_4336_1521;2024-09-16T08:00:06+01:00;2025-02-28T16:00:00+01:00;Av_des_Ternes - Aménagement de voirie piste cyclables;CONSTRUCTION;;Av_des_Ternes;48.8783727885170975 2.2957052990285067 48.8787018143975089 2.2943267232707334;ONE_DIRECTION
20241003T082352_22_3630;2024-10-03T08:23:52+01:00;2030-01-03T16:21:00+01:00;Concorde_Est Interdiction vehicules à moteur sauf bus, taxi, sécours;ROAD_CLOSED;ROAD_CLOSED_EVENT;Rivoli;48.8565347605150322 2.3555369116067708 48.8569525611540811 2.3537289556893217;ONE_DIRECTION
20240916T084539_488_3518;2024-09-16T08:45:39+01:00;2025-01-30T18:00:00+01:00;CPCU - Quai Saint-Bernard. Création ou dévoiement de réseau.;CONSTRUCTION;;Quai_St_Bernard;48.8493599352189136 2.3564481808338473 48.8492714884376653 2.3569776751349272 48.8491545207023918 2.3573782228825548 48.8478818883064037 2.3592786835098312;ONE_DIRECTION
20240826T174434_4878_522;2024-08-26T17:44:34+01:00;2025-08-29T18:00:00+01:00;Fayolle - Place Félix Eboué. Aménagement de voirie.;CONSTRUCTION;;Pl_Felix_Eboue;48.8396571812658564 2.3964386495761274 48.8397524244466581 2.3963122798262861 48.8399246740862552 2.3954315882157875;ONE_DIRECTION
20241003T082352_28_3175;2024-10-03T08:23:52+01:00;2030-01-03T16:21:00+01:00;Concorde_Est Interdiction vehicules à moteur sauf bus, taxi, sécours;ROAD_CLOSED;ROAD_CLOSED_EVENT;Rivoli;48.8587993480476968 2.3474346083817021 48.8591196110789880 2.3464186665443791;ONE_DIRECTION
20241003T082352_30_3686;2024-10-03T08:23:52+01:00;2030-01-03T16:21:00+01:00;Concorde_Est Interdiction vehicules à moteur sauf bus, taxi, sécours;ROAD_CLOSED;ROAD_CLOSED_EVENT;Rivoli;48.8596349548353999 2.3448214172967252 48.8599242487681593 2.3439087680977191;ONE_DIRECTION
20241003T082352_283_1246;2024-10-03T08:23:52+01:00;2030-01-03T16:21:00+01:00;Concorde_Est Interdiction vehicules à moteur sauf bus, taxi, sécours;ROAD_CLOSED;ROAD_CLOSED_EVENT;Rivoli;48.8627347716274372 2.3351458671496284 48.8631970496358079 2.3337122499579190;ONE_DIRECTION
20240617T083355_4867_1770;2024-06-17T08:33:55+01:00;2025-12-31T18:00:00+01:00;Maitre d'ouvrage S.A.G.P.  Aménagement de voirie, travaux en multi phases;CONSTRUCTION;;Bd_de_Reuilly;48.8391937649649037 2.3921823994630618 48.8393580669782423 2.3942918696975473;ONE_DIRECTION
20240617T083355_4867_1815;2024-06-17T08:33:55+01:00;2025-12-31T18:00:00+01:00;Maitre d'ouvrage S.A.G.P.  Aménagement de voirie, travaux en multi phases;CONSTRUCTION;;Bd_de_Reuilly;48.8393702767821551 2.3944581541181145 48.8394519400436096 2.3951712523075654;ONE_DIRECTION
20221128T080907_649_2618;2022-11-28T08:09:07+01:00;2024-12-30T18:00:00+01:00;Av_Denf_Rocher-Av_Observatoire : cration d'une nouvelle sortie. Circulation restreinte. eutralisation Piste cyclable.;CONSTRUCTION;;Av_Denf_Rocher-Av_Observatoire;48.8376053398656040 2.3356892474795399 48.8386536139141683 2.3366888518798277 48.8395966359834546 2.3367375223044058;ONE_DIRECTION
20241003T082352_32_357;2024-10-03T08:23:52+01:00;2030-01-03T16:21:00+01:00;Concorde_Est Interdiction vehicules à moteur sauf bus, taxi, sécours;ROAD_CLOSED;ROAD_CLOSED_EVENT;Rivoli;48.8604448421113489 2.3423106121012647 48.8609140900497323 2.3408548304014047;ONE_DIRECTION
20241003T082352_176_122;2024-10-03T08:23:52+01:00;2030-01-03T16:21:00+01:00;Concorde_Est Interdiction vehicules à moteur sauf bus, taxi, sécours;ROAD_CLOSED;ROAD_CLOSED_EVENT;Rivoli;48.8591196110789880 2.3464186665443791 48.8593667042748976 2.3456528431755985;ONE_DIRECTION
